Font-size,Font-weight,Line-height
200,12,18.0
200,12,18.1
200,12,18.2
200,12,18.3
200,12,18.4
200,12,18.5
200,12,18.6
200,12,18.7
200,12,18.8
200,12,18.9
200,12,19.0
200,12,19.1
200,13,18.0
200,13,18.1
200,13,18.2
200,13,18.3
200,13,18.4
200,13,18.5
200,13,18.6
200,13,18.7
200,13,18.8
200,13,18.9
200,13,19.0
200,13,19.1
200,14,18.0
200,14,18.1
200,14,18.2
200,14,18.3
200,14,18.4
200,14,18.5
200,14,18.6
200,14,18.7
200,14,18.8
200,14,18.9
200,14,19.0
200,14,19.1
201,12,18.0
201,12,18.1
201,12,18.2
201,12,18.3
201,12,18.4
201,12,18.5
201,12,18.6
201,12,18.7
201,12,18.8
201,12,18.9
201,12,19.0
201,12,19.1
201,13,18.0
201,13,18.1
201,13,18.2
201,13,18.3
201,13,18.4
201,13,18.5
201,13,18.6
201,13,18.7
201,13,18.8
201,13,18.9
201,13,19.0
201,13,19.1
201,14,18.0
201,14,18.1
201,14,18.2
201,14,18.3
201,14,18.4
201,14,18.5
201,14,18.6
201,14,18.7
201,14,18.8
201,14,18.9
201,14,19.0
201,14,19.1
202,12,18.0
202,12,18.1
202,12,18.2
202,12,18.3
202,12,18.4
202,12,18.5
202,12,18.6
202,12,18.7
202,12,18.8
202,12,18.9
202,12,19.0
202,12,19.1
202,13,18.0
202,13,18.1
202,13,18.2
202,13,18.3
202,13,18.4
202,13,18.5
202,13,18.6
202,13,18.7
202,13,18.8
202,13,18.9
202,13,19.0
202,13,19.1
202,14,18.0
202,14,18.1
202,14,18.2
202,14,18.3
202,14,18.4
202,14,18.5
202,14,18.6
202,14,18.7
202,14,18.8
202,14,18.9
202,14,19.0
202,14,19.1
203,12,18.0
203,12,18.1
203,12,18.2
203,12,18.3
203,12,18.4
203,12,18.5
203,12,18.6
203,12,18.7
203,12,18.8
203,12,18.9
203,12,19.0
203,12,19.1
203,13,18.0
203,13,18.1
203,13,18.2
203,13,18.3
203,13,18.4
203,13,18.5
203,13,18.6
203,13,18.7
203,13,18.8
203,13,18.9
203,13,19.0
203,13,19.1
203,14,18.0
203,14,18.1
203,14,18.2
203,14,18.3
203,14,18.4
203,14,18.5
203,14,18.6
203,14,18.7
203,14,18.8
203,14,18.9
203,14,19.0
203,14,19.1
204,12,18.0
204,12,18.1
204,12,18.2
204,12,18.3
204,12,18.4
204,12,18.5
204,12,18.6
204,12,18.7
204,12,18.8
204,12,18.9
204,12,19.0
204,12,19.1
204,13,18.0
204,13,18.1
204,13,18.2
204,13,18.3
204,13,18.4
204,13,18.5
204,13,18.6
204,13,18.7
204,13,18.8
204,13,18.9
204,13,19.0
204,13,19.1
204,14,18.0
204,14,18.1
204,14,18.2
204,14,18.3
204,14,18.4
204,14,18.5
204,14,18.6
204,14,18.7
204,14,18.8
204,14,18.9
204,14,19.0
204,14,19.1
205,12,18.0
205,12,18.1
205,12,18.2
205,12,18.3
205,12,18.4
205,12,18.5
205,12,18.6
205,12,18.7
205,12,18.8
205,12,18.9
205,12,19.0
205,12,19.1
205,13,18.0
205,13,18.1
205,13,18.2
205,13,18.3
205,13,18.4
205,13,18.5
205,13,18.6
205,13,18.7
205,13,18.8
205,13,18.9
205,13,19.0
205,13,19.1
205,14,18.0
205,14,18.1
205,14,18.2
205,14,18.3
205,14,18.4
205,14,18.5
205,14,18.6
205,14,18.7
205,14,18.8
205,14,18.9
205,14,19.0
205,14,19.1
206,12,18.0
206,12,18.1
206,12,18.2
206,12,18.3
206,12,18.4
206,12,18.5
206,12,18.6
206,12,18.7
206,12,18.8
206,12,18.9
206,12,19.0
206,12,19.1
206,13,18.0
206,13,18.1
206,13,18.2
206,13,18.3
206,13,18.4
206,13,18.5
206,13,18.6
206,13,18.7
206,13,18.8
206,13,18.9
206,13,19.0
206,13,19.1
206,14,18.0
206,14,18.1
206,14,18.2
206,14,18.3
206,14,18.4
206,14,18.5
206,14,18.6
206,14,18.7
206,14,18.8
206,14,18.9
206,14,19.0
206,14,19.1
207,12,18.0
207,12,18.1
207,12,18.2
207,12,18.3
207,12,18.4
207,12,18.5
207,12,18.6
207,12,18.7
207,12,18.8
207,12,18.9
207,12,19.0
207,12,19.1
207,13,18.0
207,13,18.1
207,13,18.2
207,13,18.3
207,13,18.4
207,13,18.5
207,13,18.6
207,13,18.7
207,13,18.8
207,13,18.9
207,13,19.0
207,13,19.1
207,14,18.0
207,14,18.1
207,14,18.2
207,14,18.3
207,14,18.4
207,14,18.5
207,14,18.6
207,14,18.7
207,14,18.8
207,14,18.9
207,14,19.0
207,14,19.1
208,12,18.0
208,12,18.1
208,12,18.2
208,12,18.3
208,12,18.4
208,12,18.5
208,12,18.6
208,12,18.7
208,12,18.8
208,12,18.9
208,12,19.0
208,12,19.1
208,13,18.0
208,13,18.1
208,13,18.2
208,13,18.3
208,13,18.4
208,13,18.5
208,13,18.6
208,13,18.7
208,13,18.8
208,13,18.9
208,13,19.0
208,13,19.1
208,14,18.0
208,14,18.1
208,14,18.2
208,14,18.3
208,14,18.4
208,14,18.5
208,14,18.6
208,14,18.7
208,14,18.8
208,14,18.9
208,14,19.0
208,14,19.1
209,12,18.0
209,12,18.1
209,12,18.2
209,12,18.3
209,12,18.4
209,12,18.5
209,12,18.6
209,12,18.7
209,12,18.8
209,12,18.9
209,12,19.0
209,12,19.1
209,13,18.0
209,13,18.1
209,13,18.2
209,13,18.3
209,13,18.4
209,13,18.5
209,13,18.6
209,13,18.7
209,13,18.8
209,13,18.9
209,13,19.0
209,13,19.1
209,14,18.0
209,14,18.1
209,14,18.2
209,14,18.3
209,14,18.4
209,14,18.5
209,14,18.6
209,14,18.7
209,14,18.8
209,14,18.9
209,14,19.0
209,14,19.1
210,12,18.0
210,12,18.1
210,12,18.2
210,12,18.3
210,12,18.4
210,12,18.5
210,12,18.6
210,12,18.7
210,12,18.8
210,12,18.9
210,12,19.0
210,12,19.1
210,13,18.0
210,13,18.1
210,13,18.2
210,13,18.3
210,13,18.4
210,13,18.5
210,13,18.6
210,13,18.7
210,13,18.8
210,13,18.9
210,13,19.0
210,13,19.1
210,14,18.0
210,14,18.1
210,14,18.2
210,14,18.3
210,14,18.4
210,14,18.5
210,14,18.6
210,14,18.7
210,14,18.8
210,14,18.9
210,14,19.0
210,14,19.1
211,12,18.0
211,12,18.1
211,12,18.2
211,12,18.3
211,12,18.4
211,12,18.5
211,12,18.6
211,12,18.7
211,12,18.8
211,12,18.9
211,12,19.0
211,12,19.1
211,13,18.0
211,13,18.1
211,13,18.2
211,13,18.3
211,13,18.4
211,13,18.5
211,13,18.6
211,13,18.7
211,13,18.8
211,13,18.9
211,13,19.0
211,13,19.1
211,14,18.0
211,14,18.1
211,14,18.2
211,14,18.3
211,14,18.4
211,14,18.5
211,14,18.6
211,14,18.7
211,14,18.8
211,14,18.9
211,14,19.0
211,14,19.1
212,12,18.0
212,12,18.1
212,12,18.2
212,12,18.3
212,12,18.4
212,12,18.5
212,12,18.6
212,12,18.7
212,12,18.8
212,12,18.9
212,12,19.0
212,12,19.1
212,13,18.0
212,13,18.1
212,13,18.2
212,13,18.3
212,13,18.4
212,13,18.5
212,13,18.6
212,13,18.7
212,13,18.8
212,13,18.9
212,13,19.0
212,13,19.1
212,14,18.0
212,14,18.1
212,14,18.2
212,14,18.3
212,14,18.4
212,14,18.5
212,14,18.6
212,14,18.7
212,14,18.8
212,14,18.9
212,14,19.0
212,14,19.1
213,12,18.0
213,12,18.1
213,12,18.2
213,12,18.3
213,12,18.4
213,12,18.5
213,12,18.6
213,12,18.7
213,12,18.8
213,12,18.9
213,12,19.0
213,12,19.1
213,13,18.0
213,13,18.1
213,13,18.2
213,13,18.3
213,13,18.4
213,13,18.5
213,13,18.6
213,13,18.7
213,13,18.8
213,13,18.9
213,13,19.0
213,13,19.1
213,14,18.0
213,14,18.1
213,14,18.2
213,14,18.3
213,14,18.4
213,14,18.5
213,14,18.6
213,14,18.7
213,14,18.8
213,14,18.9
213,14,19.0
213,14,19.1
214,12,18.0
214,12,18.1
214,12,18.2
214,12,18.3
214,12,18.4
214,12,18.5
214,12,18.6
214,12,18.7
214,12,18.8
214,12,18.9
214,12,19.0
214,12,19.1
214,13,18.0
214,13,18.1
214,13,18.2
214,13,18.3
214,13,18.4
214,13,18.5
214,13,18.6
214,13,18.7
214,13,18.8
214,13,18.9
214,13,19.0
214,13,19.1
214,14,18.0
214,14,18.1
214,14,18.2
214,14,18.3
214,14,18.4
214,14,18.5
214,14,18.6
214,14,18.7
214,14,18.8
214,14,18.9
214,14,19.0
214,14,19.1
215,12,18.0
215,12,18.1
215,12,18.2
215,12,18.3
215,12,18.4
215,12,18.5
215,12,18.6
215,12,18.7
215,12,18.8
215,12,18.9
215,12,19.0
215,12,19.1
215,13,18.0
215,13,18.1
215,13,18.2
215,13,18.3
215,13,18.4
215,13,18.5
215,13,18.6
215,13,18.7
215,13,18.8
215,13,18.9
215,13,19.0
215,13,19.1
215,14,18.0
215,14,18.1
215,14,18.2
215,14,18.3
215,14,18.4
215,14,18.5
215,14,18.6
215,14,18.7
215,14,18.8
215,14,18.9
215,14,19.0
215,14,19.1
216,12,18.0
216,12,18.1
216,12,18.2
216,12,18.3
216,12,18.4
216,12,18.5
216,12,18.6
216,12,18.7
216,12,18.8
216,12,18.9
216,12,19.0
216,12,19.1
216,13,18.0
216,13,18.1
216,13,18.2
216,13,18.3
216,13,18.4
216,13,18.5
216,13,18.6
216,13,18.7
216,13,18.8
216,13,18.9
216,13,19.0
216,13,19.1
216,14,18.0
216,14,18.1
216,14,18.2
216,14,18.3
216,14,18.4
216,14,18.5
216,14,18.6
216,14,18.7
216,14,18.8
216,14,18.9
216,14,19.0
216,14,19.1
217,12,18.0
217,12,18.1
217,12,18.2
217,12,18.3
217,12,18.4
217,12,18.5
217,12,18.6
217,12,18.7
217,12,18.8
217,12,18.9
217,12,19.0
217,12,19.1
217,13,18.0
217,13,18.1
217,13,18.2
217,13,18.3
217,13,18.4
217,13,18.5
217,13,18.6
217,13,18.7
217,13,18.8
217,13,18.9
217,13,19.0
217,13,19.1
217,14,18.0
217,14,18.1
217,14,18.2
217,14,18.3
217,14,18.4
217,14,18.5
217,14,18.6
217,14,18.7
217,14,18.8
217,14,18.9
217,14,19.0
217,14,19.1
218,12,18.0
218,12,18.1
218,12,18.2
218,12,18.3
218,12,18.4
218,12,18.5
218,12,18.6
218,12,18.7
218,12,18.8
218,12,18.9
218,12,19.0
218,12,19.1
218,13,18.0
218,13,18.1
218,13,18.2
218,13,18.3
218,13,18.4
218,13,18.5
218,13,18.6
218,13,18.7
218,13,18.8
218,13,18.9
218,13,19.0
218,13,19.1
218,14,18.0
218,14,18.1
218,14,18.2
218,14,18.3
218,14,18.4
218,14,18.5
218,14,18.6
218,14,18.7
218,14,18.8
218,14,18.9
218,14,19.0
218,14,19.1
219,12,18.0
219,12,18.1
219,12,18.2
219,12,18.3
219,12,18.4
219,12,18.5
219,12,18.6
219,12,18.7
219,12,18.8
219,12,18.9
219,12,19.0
219,12,19.1
219,13,18.0
219,13,18.1
219,13,18.2
219,13,18.3
219,13,18.4
219,13,18.5
219,13,18.6
219,13,18.7
219,13,18.8
219,13,18.9
219,13,19.0
219,13,19.1
219,14,18.0
219,14,18.1
219,14,18.2
219,14,18.3
219,14,18.4
219,14,18.5
219,14,18.6
219,14,18.7
219,14,18.8
219,14,18.9
219,14,19.0
219,14,19.1
220,12,18.0
220,12,18.1
220,12,18.2
220,12,18.3
220,12,18.4
220,12,18.5
220,12,18.6
220,12,18.7
220,12,18.8
220,12,18.9
220,12,19.0
220,12,19.1
220,13,18.0
220,13,18.1
220,13,18.2
220,13,18.3
220,13,18.4
220,13,18.5
220,13,18.6
220,13,18.7
220,13,18.8
220,13,18.9
220,13,19.0
220,13,19.1
220,14,18.0
220,14,18.1
220,14,18.2
220,14,18.3
220,14,18.4
220,14,18.5
220,14,18.6
220,14,18.7
220,14,18.8
220,14,18.9
220,14,19.0
220,14,19.1
221,12,18.0
221,12,18.1
221,12,18.2
221,12,18.3
221,12,18.4
221,12,18.5
221,12,18.6
221,12,18.7
221,12,18.8
221,12,18.9
221,12,19.0
221,12,19.1
221,13,18.0
221,13,18.1
221,13,18.2
221,13,18.3
221,13,18.4
221,13,18.5
221,13,18.6
221,13,18.7
221,13,18.8
221,13,18.9
221,13,19.0
221,13,19.1
221,14,18.0
221,14,18.1
221,14,18.2
221,14,18.3
221,14,18.4
221,14,18.5
221,14,18.6
221,14,18.7
221,14,18.8
221,14,18.9
221,14,19.0
221,14,19.1
222,12,18.0
222,12,18.1
222,12,18.2
222,12,18.3
222,12,18.4
222,12,18.5
222,12,18.6
222,12,18.7
222,12,18.8
222,12,18.9
222,12,19.0
222,12,19.1
222,13,18.0
222,13,18.1
222,13,18.2
222,13,18.3
222,13,18.4
222,13,18.5
222,13,18.6
222,13,18.7
222,13,18.8
222,13,18.9
222,13,19.0
222,13,19.1
222,14,18.0
222,14,18.1
222,14,18.2
222,14,18.3
222,14,18.4
222,14,18.5
222,14,18.6
222,14,18.7
222,14,18.8
222,14,18.9
222,14,19.0
222,14,19.1
223,12,18.0
223,12,18.1
223,12,18.2
223,12,18.3
223,12,18.4
223,12,18.5
223,12,18.6
223,12,18.7
223,12,18.8
223,12,18.9
223,12,19.0
223,12,19.1
223,13,18.0
223,13,18.1
223,13,18.2
223,13,18.3
223,13,18.4
223,13,18.5
223,13,18.6
223,13,18.7
223,13,18.8
223,13,18.9
223,13,19.0
223,13,19.1
223,14,18.0
223,14,18.1
223,14,18.2
223,14,18.3
223,14,18.4
223,14,18.5
223,14,18.6
223,14,18.7
223,14,18.8
223,14,18.9
223,14,19.0
223,14,19.1
224,12,18.0
224,12,18.1
224,12,18.2
224,12,18.3
224,12,18.4
224,12,18.5
224,12,18.6
224,12,18.7
224,12,18.8
224,12,18.9
224,12,19.0
224,12,19.1
224,13,18.0
224,13,18.1
224,13,18.2
224,13,18.3
224,13,18.4
224,13,18.5
224,13,18.6
224,13,18.7
224,13,18.8
224,13,18.9
224,13,19.0
224,13,19.1
224,14,18.0
224,14,18.1
224,14,18.2
224,14,18.3
224,14,18.4
224,14,18.5
224,14,18.6
224,14,18.7
224,14,18.8
224,14,18.9
224,14,19.0
224,14,19.1
225,12,18.0
225,12,18.1
225,12,18.2
225,12,18.3
225,12,18.4
225,12,18.5
225,12,18.6
225,12,18.7
225,12,18.8
225,12,18.9
225,12,19.0
225,12,19.1
225,13,18.0
225,13,18.1
225,13,18.2
225,13,18.3
225,13,18.4
225,13,18.5
225,13,18.6
225,13,18.7
225,13,18.8
225,13,18.9
225,13,19.0
225,13,19.1
225,14,18.0
225,14,18.1
225,14,18.2
225,14,18.3
225,14,18.4
225,14,18.5
225,14,18.6
225,14,18.7
225,14,18.8
225,14,18.9
225,14,19.0
225,14,19.1
226,12,18.0
226,12,18.1
226,12,18.2
226,12,18.3
226,12,18.4
226,12,18.5
226,12,18.6
226,12,18.7
226,12,18.8
226,12,18.9
226,12,19.0
226,12,19.1
226,13,18.0
226,13,18.1
226,13,18.2
226,13,18.3
226,13,18.4
226,13,18.5
226,13,18.6
226,13,18.7
226,13,18.8
226,13,18.9
226,13,19.0
226,13,19.1
226,14,18.0
226,14,18.1
226,14,18.2
226,14,18.3
226,14,18.4
226,14,18.5
226,14,18.6
226,14,18.7
226,14,18.8
226,14,18.9
226,14,19.0
226,14,19.1
227,12,18.0
227,12,18.1
227,12,18.2
227,12,18.3
227,12,18.4
227,12,18.5
227,12,18.6
227,12,18.7
227,12,18.8
227,12,18.9
227,12,19.0
227,12,19.1
227,13,18.0
227,13,18.1
227,13,18.2
227,13,18.3
227,13,18.4
227,13,18.5
227,13,18.6
227,13,18.7
227,13,18.8
227,13,18.9
227,13,19.0
227,13,19.1
227,14,18.0
227,14,18.1
227,14,18.2
227,14,18.3
227,14,18.4
227,14,18.5
227,14,18.6
227,14,18.7
227,14,18.8
227,14,18.9
227,14,19.0
227,14,19.1
228,12,18.0
228,12,18.1
228,12,18.2
228,12,18.3
228,12,18.4
228,12,18.5
228,12,18.6
228,12,18.7
228,12,18.8
228,12,18.9
228,12,19.0
228,12,19.1
228,13,18.0
228,13,18.1
228,13,18.2
228,13,18.3
228,13,18.4
228,13,18.5
228,13,18.6
228,13,18.7
228,13,18.8
228,13,18.9
228,13,19.0
228,13,19.1
228,14,18.0
228,14,18.1
228,14,18.2
228,14,18.3
228,14,18.4
228,14,18.5
228,14,18.6
228,14,18.7
228,14,18.8
228,14,18.9
228,14,19.0
228,14,19.1
229,12,18.0
229,12,18.1
229,12,18.2
229,12,18.3
229,12,18.4
229,12,18.5
229,12,18.6
229,12,18.7
229,12,18.8
229,12,18.9
229,12,19.0
229,12,19.1
229,13,18.0
229,13,18.1
229,13,18.2
229,13,18.3
229,13,18.4
229,13,18.5
229,13,18.6
229,13,18.7
229,13,18.8
229,13,18.9
229,13,19.0
229,13,19.1
229,14,18.0
229,14,18.1
229,14,18.2
229,14,18.3
229,14,18.4
229,14,18.5
229,14,18.6
229,14,18.7
229,14,18.8
229,14,18.9
229,14,19.0
229,14,19.1
230,12,18.0
230,12,18.1
230,12,18.2
230,12,18.3
230,12,18.4
230,12,18.5
230,12,18.6
230,12,18.7
230,12,18.8
230,12,18.9
230,12,19.0
230,12,19.1
230,13,18.0
230,13,18.1
230,13,18.2
230,13,18.3
230,13,18.4
230,13,18.5
230,13,18.6
230,13,18.7
230,13,18.8
230,13,18.9
230,13,19.0
230,13,19.1
230,14,18.0
230,14,18.1
230,14,18.2
230,14,18.3
230,14,18.4
230,14,18.5
230,14,18.6
230,14,18.7
230,14,18.8
230,14,18.9
230,14,19.0
230,14,19.1
231,12,18.0
231,12,18.1
231,12,18.2
231,12,18.3
231,12,18.4
231,12,18.5
231,12,18.6
231,12,18.7
231,12,18.8
231,12,18.9
231,12,19.0
231,12,19.1
231,13,18.0
231,13,18.1
231,13,18.2
231,13,18.3
231,13,18.4
231,13,18.5
231,13,18.6
231,13,18.7
231,13,18.8
231,13,18.9
231,13,19.0
231,13,19.1
231,14,18.0
231,14,18.1
231,14,18.2
231,14,18.3
231,14,18.4
231,14,18.5
231,14,18.6
231,14,18.7
231,14,18.8
231,14,18.9
231,14,19.0
231,14,19.1
232,12,18.0
232,12,18.1
232,12,18.2
232,12,18.3
232,12,18.4
232,12,18.5
232,12,18.6
232,12,18.7
232,12,18.8
232,12,18.9
232,12,19.0
232,12,19.1
232,13,18.0
232,13,18.1
232,13,18.2
232,13,18.3
232,13,18.4
232,13,18.5
232,13,18.6
232,13,18.7
232,13,18.8
232,13,18.9
232,13,19.0
232,13,19.1
232,14,18.0
232,14,18.1
232,14,18.2
232,14,18.3
232,14,18.4
232,14,18.5
232,14,18.6
232,14,18.7
232,14,18.8
232,14,18.9
232,14,19.0
232,14,19.1
233,12,18.0
233,12,18.1
233,12,18.2
233,12,18.3
233,12,18.4
233,12,18.5
233,12,18.6
233,12,18.7
233,12,18.8
233,12,18.9
233,12,19.0
233,12,19.1
233,13,18.0
233,13,18.1
233,13,18.2
233,13,18.3
233,13,18.4
233,13,18.5
233,13,18.6
233,13,18.7
233,13,18.8
233,13,18.9
233,13,19.0
233,13,19.1
233,14,18.0
233,14,18.1
233,14,18.2
233,14,18.3
233,14,18.4
233,14,18.5
233,14,18.6
233,14,18.7
233,14,18.8
233,14,18.9
233,14,19.0
233,14,19.1
234,12,18.0
234,12,18.1
234,12,18.2
234,12,18.3
234,12,18.4
234,12,18.5
234,12,18.6
234,12,18.7
234,12,18.8
234,12,18.9
234,12,19.0
234,12,19.1
234,13,18.0
234,13,18.1
234,13,18.2
234,13,18.3
234,13,18.4
234,13,18.5
234,13,18.6
234,13,18.7
234,13,18.8
234,13,18.9
234,13,19.0
234,13,19.1
234,14,18.0
234,14,18.1
234,14,18.2
234,14,18.3
234,14,18.4
234,14,18.5
234,14,18.6
234,14,18.7
234,14,18.8
234,14,18.9
234,14,19.0
234,14,19.1
235,12,18.0
235,12,18.1
235,12,18.2
235,12,18.3
235,12,18.4
235,12,18.5
235,12,18.6
235,12,18.7
235,12,18.8
235,12,18.9
235,12,19.0
235,12,19.1
235,13,18.0
235,13,18.1
235,13,18.2
235,13,18.3
235,13,18.4
235,13,18.5
235,13,18.6
235,13,18.7
235,13,18.8
235,13,18.9
235,13,19.0
235,13,19.1
235,14,18.0
235,14,18.1
235,14,18.2
235,14,18.3
235,14,18.4
235,14,18.5
235,14,18.6
235,14,18.7
235,14,18.8
235,14,18.9
235,14,19.0
235,14,19.1
236,12,18.0
236,12,18.1
236,12,18.2
236,12,18.3
236,12,18.4
236,12,18.5
236,12,18.6
236,12,18.7
236,12,18.8
236,12,18.9
236,12,19.0
236,12,19.1
236,13,18.0
236,13,18.1
236,13,18.2
236,13,18.3
236,13,18.4
236,13,18.5
236,13,18.6
236,13,18.7
236,13,18.8
236,13,18.9
236,13,19.0
236,13,19.1
236,14,18.0
236,14,18.1
236,14,18.2
236,14,18.3
236,14,18.4
236,14,18.5
236,14,18.6
236,14,18.7
236,14,18.8
236,14,18.9
236,14,19.0
236,14,19.1
237,12,18.0
237,12,18.1
237,12,18.2
237,12,18.3
237,12,18.4
237,12,18.5
237,12,18.6
237,12,18.7
237,12,18.8
237,12,18.9
237,12,19.0
237,12,19.1
237,13,18.0
237,13,18.1
237,13,18.2
237,13,18.3
237,13,18.4
237,13,18.5
237,13,18.6
237,13,18.7
237,13,18.8
237,13,18.9
237,13,19.0
237,13,19.1
237,14,18.0
237,14,18.1
237,14,18.2
237,14,18.3
237,14,18.4
237,14,18.5
237,14,18.6
237,14,18.7
237,14,18.8
237,14,18.9
237,14,19.0
237,14,19.1
238,12,18.0
238,12,18.1
238,12,18.2
238,12,18.3
238,12,18.4
238,12,18.5
238,12,18.6
238,12,18.7
238,12,18.8
238,12,18.9
238,12,19.0
238,12,19.1
238,13,18.0
238,13,18.1
238,13,18.2
238,13,18.3
238,13,18.4
238,13,18.5
238,13,18.6
238,13,18.7
238,13,18.8
238,13,18.9
238,13,19.0
238,13,19.1
238,14,18.0
238,14,18.1
238,14,18.2
238,14,18.3
238,14,18.4
238,14,18.5
238,14,18.6
238,14,18.7
238,14,18.8
238,14,18.9
238,14,19.0
238,14,19.1
239,12,18.0
239,12,18.1
239,12,18.2
239,12,18.3
239,12,18.4
239,12,18.5
239,12,18.6
239,12,18.7
239,12,18.8
239,12,18.9
239,12,19.0
239,12,19.1
239,13,18.0
239,13,18.1
239,13,18.2
239,13,18.3
239,13,18.4
239,13,18.5
239,13,18.6
239,13,18.7
239,13,18.8
239,13,18.9
239,13,19.0
239,13,19.1
239,14,18.0
239,14,18.1
239,14,18.2
239,14,18.3
239,14,18.4
239,14,18.5
239,14,18.6
239,14,18.7
239,14,18.8
239,14,18.9
239,14,19.0
239,14,19.1
240,12,18.0
240,12,18.1
240,12,18.2
240,12,18.3
240,12,18.4
240,12,18.5
240,12,18.6
240,12,18.7
240,12,18.8
240,12,18.9
240,12,19.0
240,12,19.1
240,13,18.0
240,13,18.1
240,13,18.2
240,13,18.3
240,13,18.4
240,13,18.5
240,13,18.6
240,13,18.7
240,13,18.8
240,13,18.9
240,13,19.0
240,13,19.1
240,14,18.0
240,14,18.1
240,14,18.2
240,14,18.3
240,14,18.4
240,14,18.5
240,14,18.6
240,14,18.7
240,14,18.8
240,14,18.9
240,14,19.0
240,14,19.1
241,12,18.0
241,12,18.1
241,12,18.2
241,12,18.3
241,12,18.4
241,12,18.5
241,12,18.6
241,12,18.7
241,12,18.8
241,12,18.9
241,12,19.0
241,12,19.1
241,13,18.0
241,13,18.1
241,13,18.2
241,13,18.3
241,13,18.4
241,13,18.5
241,13,18.6
241,13,18.7
241,13,18.8
241,13,18.9
241,13,19.0
241,13,19.1
241,14,18.0
241,14,18.1
241,14,18.2
241,14,18.3
241,14,18.4
241,14,18.5
241,14,18.6
241,14,18.7
241,14,18.8
241,14,18.9
241,14,19.0
241,14,19.1
242,12,18.0
242,12,18.1
242,12,18.2
242,12,18.3
242,12,18.4
242,12,18.5
242,12,18.6
242,12,18.7
242,12,18.8
242,12,18.9
242,12,19.0
242,12,19.1
242,13,18.0
242,13,18.1
242,13,18.2
242,13,18.3
242,13,18.4
242,13,18.5
242,13,18.6
242,13,18.7
242,13,18.8
242,13,18.9
242,13,19.0
242,13,19.1
242,14,18.0
242,14,18.1
242,14,18.2
242,14,18.3
242,14,18.4
242,14,18.5
242,14,18.6
242,14,18.7
242,14,18.8
242,14,18.9
242,14,19.0
242,14,19.1
243,12,18.0
243,12,18.1
243,12,18.2
243,12,18.3
243,12,18.4
243,12,18.5
243,12,18.6
243,12,18.7
243,12,18.8
243,12,18.9
243,12,19.0
243,12,19.1
243,13,18.0
243,13,18.1
243,13,18.2
243,13,18.3
243,13,18.4
243,13,18.5
243,13,18.6
243,13,18.7
243,13,18.8
243,13,18.9
243,13,19.0
243,13,19.1
243,14,18.0
243,14,18.1
243,14,18.2
243,14,18.3
243,14,18.4
243,14,18.5
243,14,18.6
243,14,18.7
243,14,18.8
243,14,18.9
243,14,19.0
243,14,19.1
244,12,18.0
244,12,18.1
244,12,18.2
244,12,18.3
244,12,18.4
244,12,18.5
244,12,18.6
244,12,18.7
244,12,18.8
244,12,18.9
244,12,19.0
244,12,19.1
244,13,18.0
244,13,18.1
244,13,18.2
244,13,18.3
244,13,18.4
244,13,18.5
244,13,18.6
244,13,18.7
244,13,18.8
244,13,18.9
244,13,19.0
244,13,19.1
244,14,18.0
244,14,18.1
244,14,18.2
244,14,18.3
244,14,18.4
244,14,18.5
244,14,18.6
244,14,18.7
244,14,18.8
244,14,18.9
244,14,19.0
244,14,19.1
245,12,18.0
245,12,18.1
245,12,18.2
245,12,18.3
245,12,18.4
245,12,18.5
245,12,18.6
245,12,18.7
245,12,18.8
245,12,18.9
245,12,19.0
245,12,19.1
245,13,18.0
245,13,18.1
245,13,18.2
245,13,18.3
245,13,18.4
245,13,18.5
245,13,18.6
245,13,18.7
245,13,18.8
245,13,18.9
245,13,19.0
245,13,19.1
245,14,18.0
245,14,18.1
245,14,18.2
245,14,18.3
245,14,18.4
245,14,18.5
245,14,18.6
245,14,18.7
245,14,18.8
245,14,18.9
245,14,19.0
245,14,19.1
246,12,18.0
246,12,18.1
246,12,18.2
246,12,18.3
246,12,18.4
246,12,18.5
246,12,18.6
246,12,18.7
246,12,18.8
246,12,18.9
246,12,19.0
246,12,19.1
246,13,18.0
246,13,18.1
246,13,18.2
246,13,18.3
246,13,18.4
246,13,18.5
246,13,18.6
246,13,18.7
246,13,18.8
246,13,18.9
246,13,19.0
246,13,19.1
246,14,18.0
246,14,18.1
246,14,18.2
246,14,18.3
246,14,18.4
246,14,18.5
246,14,18.6
246,14,18.7
246,14,18.8
246,14,18.9
246,14,19.0
246,14,19.1
247,12,18.0
247,12,18.1
247,12,18.2
247,12,18.3
247,12,18.4
247,12,18.5
247,12,18.6
247,12,18.7
247,12,18.8
247,12,18.9
247,12,19.0
247,12,19.1
247,13,18.0
247,13,18.1
247,13,18.2
247,13,18.3
247,13,18.4
247,13,18.5
247,13,18.6
247,13,18.7
247,13,18.8
247,13,18.9
247,13,19.0
247,13,19.1
247,14,18.0
247,14,18.1
247,14,18.2
247,14,18.3
247,14,18.4
247,14,18.5
247,14,18.6
247,14,18.7
247,14,18.8
247,14,18.9
247,14,19.0
247,14,19.1
248,12,18.0
248,12,18.1
248,12,18.2
248,12,18.3
248,12,18.4
248,12,18.5
248,12,18.6
248,12,18.7
248,12,18.8
248,12,18.9
248,12,19.0
248,12,19.1
248,13,18.0
248,13,18.1
248,13,18.2
248,13,18.3
248,13,18.4
248,13,18.5
248,13,18.6
248,13,18.7
248,13,18.8
248,13,18.9
248,13,19.0
248,13,19.1
248,14,18.0
248,14,18.1
248,14,18.2
248,14,18.3
248,14,18.4
248,14,18.5
248,14,18.6
248,14,18.7
248,14,18.8
248,14,18.9
248,14,19.0
248,14,19.1
249,12,18.0
249,12,18.1
249,12,18.2
249,12,18.3
249,12,18.4
249,12,18.5
249,12,18.6
249,12,18.7
249,12,18.8
249,12,18.9
249,12,19.0
249,12,19.1
249,13,18.0
249,13,18.1
249,13,18.2
249,13,18.3
249,13,18.4
249,13,18.5
249,13,18.6
249,13,18.7
249,13,18.8
249,13,18.9
249,13,19.0
249,13,19.1
249,14,18.0
249,14,18.1
249,14,18.2
249,14,18.3
249,14,18.4
249,14,18.5
249,14,18.6
249,14,18.7
249,14,18.8
249,14,18.9
249,14,19.0
249,14,19.1
250,12,18.0
250,12,18.1
250,12,18.2
250,12,18.3
250,12,18.4
250,12,18.5
250,12,18.6
250,12,18.7
250,12,18.8
250,12,18.9
250,12,19.0
250,12,19.1
250,13,18.0
250,13,18.1
250,13,18.2
250,13,18.3
250,13,18.4
250,13,18.5
250,13,18.6
250,13,18.7
250,13,18.8
250,13,18.9
250,13,19.0
250,13,19.1
250,14,18.0
250,14,18.1
250,14,18.2
250,14,18.3
250,14,18.4
250,14,18.5
250,14,18.6
250,14,18.7
250,14,18.8
250,14,18.9
250,14,19.0
250,14,19.1
251,12,18.0
251,12,18.1
251,12,18.2
251,12,18.3
251,12,18.4
251,12,18.5
251,12,18.6
251,12,18.7
251,12,18.8
251,12,18.9
251,12,19.0
251,12,19.1
251,13,18.0
251,13,18.1
251,13,18.2
251,13,18.3
251,13,18.4
251,13,18.5
251,13,18.6
251,13,18.7
251,13,18.8
251,13,18.9
251,13,19.0
251,13,19.1
251,14,18.0
251,14,18.1
251,14,18.2
251,14,18.3
251,14,18.4
251,14,18.5
251,14,18.6
251,14,18.7
251,14,18.8
251,14,18.9
251,14,19.0
251,14,19.1
252,12,18.0
252,12,18.1
252,12,18.2
252,12,18.3
252,12,18.4
252,12,18.5
252,12,18.6
252,12,18.7
252,12,18.8
252,12,18.9
252,12,19.0
252,12,19.1
252,13,18.0
252,13,18.1
252,13,18.2
252,13,18.3
252,13,18.4
252,13,18.5
252,13,18.6
252,13,18.7
252,13,18.8
252,13,18.9
252,13,19.0
252,13,19.1
252,14,18.0
252,14,18.1
252,14,18.2
252,14,18.3
252,14,18.4
252,14,18.5
252,14,18.6
252,14,18.7
252,14,18.8
252,14,18.9
252,14,19.0
252,14,19.1
253,12,18.0
253,12,18.1
253,12,18.2
253,12,18.3
253,12,18.4
253,12,18.5
253,12,18.6
253,12,18.7
253,12,18.8
253,12,18.9
253,12,19.0
253,12,19.1
253,13,18.0
253,13,18.1
253,13,18.2
253,13,18.3
253,13,18.4
253,13,18.5
253,13,18.6
253,13,18.7
253,13,18.8
253,13,18.9
253,13,19.0
253,13,19.1
253,14,18.0
253,14,18.1
253,14,18.2
253,14,18.3
253,14,18.4
253,14,18.5
253,14,18.6
253,14,18.7
253,14,18.8
253,14,18.9
253,14,19.0
253,14,19.1
254,12,18.0
254,12,18.1
254,12,18.2
254,12,18.3
254,12,18.4
254,12,18.5
254,12,18.6
254,12,18.7
254,12,18.8
254,12,18.9
254,12,19.0
254,12,19.1
254,13,18.0
254,13,18.1
254,13,18.2
254,13,18.3
254,13,18.4
254,13,18.5
254,13,18.6
254,13,18.7
254,13,18.8
254,13,18.9
254,13,19.0
254,13,19.1
254,14,18.0
254,14,18.1
254,14,18.2
254,14,18.3
254,14,18.4
254,14,18.5
254,14,18.6
254,14,18.7
254,14,18.8
254,14,18.9
254,14,19.0
254,14,19.1
255,12,18.0
255,12,18.1
255,12,18.2
255,12,18.3
255,12,18.4
255,12,18.5
255,12,18.6
255,12,18.7
255,12,18.8
255,12,18.9
255,12,19.0
255,12,19.1
255,13,18.0
255,13,18.1
255,13,18.2
255,13,18.3
255,13,18.4
255,13,18.5
255,13,18.6
255,13,18.7
255,13,18.8
255,13,18.9
255,13,19.0
255,13,19.1
255,14,18.0
255,14,18.1
255,14,18.2
255,14,18.3
255,14,18.4
255,14,18.5
255,14,18.6
255,14,18.7
255,14,18.8
255,14,18.9
255,14,19.0
255,14,19.1
256,12,18.0
256,12,18.1
256,12,18.2
256,12,18.3
256,12,18.4
256,12,18.5
256,12,18.6
256,12,18.7
256,12,18.8
256,12,18.9
256,12,19.0
256,12,19.1
256,13,18.0
256,13,18.1
256,13,18.2
256,13,18.3
256,13,18.4
256,13,18.5
256,13,18.6
256,13,18.7
256,13,18.8
256,13,18.9
256,13,19.0
256,13,19.1
256,14,18.0
256,14,18.1
256,14,18.2
256,14,18.3
256,14,18.4
256,14,18.5
256,14,18.6
256,14,18.7
256,14,18.8
256,14,18.9
256,14,19.0
256,14,19.1
257,12,18.0
257,12,18.1
257,12,18.2
257,12,18.3
257,12,18.4
257,12,18.5
257,12,18.6
257,12,18.7
257,12,18.8
257,12,18.9
257,12,19.0
257,12,19.1
257,13,18.0
257,13,18.1
257,13,18.2
257,13,18.3
257,13,18.4
257,13,18.5
257,13,18.6
257,13,18.7
257,13,18.8
257,13,18.9
257,13,19.0
257,13,19.1
257,14,18.0
257,14,18.1
257,14,18.2
257,14,18.3
257,14,18.4
257,14,18.5
257,14,18.6
257,14,18.7
257,14,18.8
257,14,18.9
257,14,19.0
257,14,19.1
258,12,18.0
258,12,18.1
258,12,18.2
258,12,18.3
258,12,18.4
258,12,18.5
258,12,18.6
258,12,18.7
258,12,18.8
258,12,18.9
258,12,19.0
258,12,19.1
258,13,18.0
258,13,18.1
258,13,18.2
258,13,18.3
258,13,18.4
258,13,18.5
258,13,18.6
258,13,18.7
258,13,18.8
258,13,18.9
258,13,19.0
258,13,19.1
258,14,18.0
258,14,18.1
258,14,18.2
258,14,18.3
258,14,18.4
258,14,18.5
258,14,18.6
258,14,18.7
258,14,18.8
258,14,18.9
258,14,19.0
258,14,19.1
259,12,18.0
259,12,18.1
259,12,18.2
259,12,18.3
259,12,18.4
259,12,18.5
259,12,18.6
259,12,18.7
259,12,18.8
259,12,18.9
259,12,19.0
259,12,19.1
259,13,18.0
259,13,18.1
259,13,18.2
259,13,18.3
259,13,18.4
259,13,18.5
259,13,18.6
259,13,18.7
259,13,18.8
259,13,18.9
259,13,19.0
259,13,19.1
259,14,18.0
259,14,18.1
259,14,18.2
259,14,18.3
259,14,18.4
259,14,18.5
259,14,18.6
259,14,18.7
259,14,18.8
259,14,18.9
259,14,19.0
259,14,19.1
260,12,18.0
260,12,18.1
260,12,18.2
260,12,18.3
260,12,18.4
260,12,18.5
260,12,18.6
260,12,18.7
260,12,18.8
260,12,18.9
260,12,19.0
260,12,19.1
260,13,18.0
260,13,18.1
260,13,18.2
260,13,18.3
260,13,18.4
260,13,18.5
260,13,18.6
260,13,18.7
260,13,18.8
260,13,18.9
260,13,19.0
260,13,19.1
260,14,18.0
260,14,18.1
260,14,18.2
260,14,18.3
260,14,18.4
260,14,18.5
260,14,18.6
260,14,18.7
260,14,18.8
260,14,18.9
260,14,19.0
260,14,19.1
261,12,18.0
261,12,18.1
261,12,18.2
261,12,18.3
261,12,18.4
261,12,18.5
261,12,18.6
261,12,18.7
261,12,18.8
261,12,18.9
261,12,19.0
261,12,19.1
261,13,18.0
261,13,18.1
261,13,18.2
261,13,18.3
261,13,18.4
261,13,18.5
261,13,18.6
261,13,18.7
261,13,18.8
261,13,18.9
261,13,19.0
261,13,19.1
261,14,18.0
261,14,18.1
261,14,18.2
261,14,18.3
261,14,18.4
261,14,18.5
261,14,18.6
261,14,18.7
261,14,18.8
261,14,18.9
261,14,19.0
261,14,19.1
262,12,18.0
262,12,18.1
262,12,18.2
262,12,18.3
262,12,18.4
262,12,18.5
262,12,18.6
262,12,18.7
262,12,18.8
262,12,18.9
262,12,19.0
262,12,19.1
262,13,18.0
262,13,18.1
262,13,18.2
262,13,18.3
262,13,18.4
262,13,18.5
262,13,18.6
262,13,18.7
262,13,18.8
262,13,18.9
262,13,19.0
262,13,19.1
262,14,18.0
262,14,18.1
262,14,18.2
262,14,18.3
262,14,18.4
262,14,18.5
262,14,18.6
262,14,18.7
262,14,18.8
262,14,18.9
262,14,19.0
262,14,19.1
263,12,18.0
263,12,18.1
263,12,18.2
263,12,18.3
263,12,18.4
263,12,18.5
263,12,18.6
263,12,18.7
263,12,18.8
263,12,18.9
263,12,19.0
263,12,19.1
263,13,18.0
263,13,18.1
263,13,18.2
263,13,18.3
263,13,18.4
263,13,18.5
263,13,18.6
263,13,18.7
263,13,18.8
263,13,18.9
263,13,19.0
263,13,19.1
263,14,18.0
263,14,18.1
263,14,18.2
263,14,18.3
263,14,18.4
263,14,18.5
263,14,18.6
263,14,18.7
263,14,18.8
263,14,18.9
263,14,19.0
263,14,19.1
264,12,18.0
264,12,18.1
264,12,18.2
264,12,18.3
264,12,18.4
264,12,18.5
264,12,18.6
264,12,18.7
264,12,18.8
264,12,18.9
264,12,19.0
264,12,19.1
264,13,18.0
264,13,18.1
264,13,18.2
264,13,18.3
264,13,18.4
264,13,18.5
264,13,18.6
264,13,18.7
264,13,18.8
264,13,18.9
264,13,19.0
264,13,19.1
264,14,18.0
264,14,18.1
264,14,18.2
264,14,18.3
264,14,18.4
264,14,18.5
264,14,18.6
264,14,18.7
264,14,18.8
264,14,18.9
264,14,19.0
264,14,19.1
265,12,18.0
265,12,18.1
265,12,18.2
265,12,18.3
265,12,18.4
265,12,18.5
265,12,18.6
265,12,18.7
265,12,18.8
265,12,18.9
265,12,19.0
265,12,19.1
265,13,18.0
265,13,18.1
265,13,18.2
265,13,18.3
265,13,18.4
265,13,18.5
265,13,18.6
265,13,18.7
265,13,18.8
265,13,18.9
265,13,19.0
265,13,19.1
265,14,18.0
265,14,18.1
265,14,18.2
265,14,18.3
265,14,18.4
265,14,18.5
265,14,18.6
265,14,18.7
265,14,18.8
265,14,18.9
265,14,19.0
265,14,19.1
266,12,18.0
266,12,18.1
266,12,18.2
266,12,18.3
266,12,18.4
266,12,18.5
266,12,18.6
266,12,18.7
266,12,18.8
266,12,18.9
266,12,19.0
266,12,19.1
266,13,18.0
266,13,18.1
266,13,18.2
266,13,18.3
266,13,18.4
266,13,18.5
266,13,18.6
266,13,18.7
266,13,18.8
266,13,18.9
266,13,19.0
266,13,19.1
266,14,18.0
266,14,18.1
266,14,18.2
266,14,18.3
266,14,18.4
266,14,18.5
266,14,18.6
266,14,18.7
266,14,18.8
266,14,18.9
266,14,19.0
266,14,19.1
267,12,18.0
267,12,18.1
267,12,18.2
267,12,18.3
267,12,18.4
267,12,18.5
267,12,18.6
267,12,18.7
267,12,18.8
267,12,18.9
267,12,19.0
267,12,19.1
267,13,18.0
267,13,18.1
267,13,18.2
267,13,18.3
267,13,18.4
267,13,18.5
267,13,18.6
267,13,18.7
267,13,18.8
267,13,18.9
267,13,19.0
267,13,19.1
267,14,18.0
267,14,18.1
267,14,18.2
267,14,18.3
267,14,18.4
267,14,18.5
267,14,18.6
267,14,18.7
267,14,18.8
267,14,18.9
267,14,19.0
267,14,19.1
268,12,18.0
268,12,18.1
268,12,18.2
268,12,18.3
268,12,18.4
268,12,18.5
268,12,18.6
268,12,18.7
268,12,18.8
268,12,18.9
268,12,19.0
268,12,19.1
268,13,18.0
268,13,18.1
268,13,18.2
268,13,18.3
268,13,18.4
268,13,18.5
268,13,18.6
268,13,18.7
268,13,18.8
268,13,18.9
268,13,19.0
268,13,19.1
268,14,18.0
268,14,18.1
268,14,18.2
268,14,18.3
268,14,18.4
268,14,18.5
268,14,18.6
268,14,18.7
268,14,18.8
268,14,18.9
268,14,19.0
268,14,19.1
269,12,18.0
269,12,18.1
269,12,18.2
269,12,18.3
269,12,18.4
269,12,18.5
269,12,18.6
269,12,18.7
269,12,18.8
269,12,18.9
269,12,19.0
269,12,19.1
269,13,18.0
269,13,18.1
269,13,18.2
269,13,18.3
269,13,18.4
269,13,18.5
269,13,18.6
269,13,18.7
269,13,18.8
269,13,18.9
269,13,19.0
269,13,19.1
269,14,18.0
269,14,18.1
269,14,18.2
269,14,18.3
269,14,18.4
269,14,18.5
269,14,18.6
269,14,18.7
269,14,18.8
269,14,18.9
269,14,19.0
269,14,19.1
270,12,18.0
270,12,18.1
270,12,18.2
270,12,18.3
270,12,18.4
270,12,18.5
270,12,18.6
270,12,18.7
270,12,18.8
270,12,18.9
270,12,19.0
270,12,19.1
270,13,18.0
270,13,18.1
270,13,18.2
270,13,18.3
270,13,18.4
270,13,18.5
270,13,18.6
270,13,18.7
270,13,18.8
270,13,18.9
270,13,19.0
270,13,19.1
270,14,18.0
270,14,18.1
270,14,18.2
270,14,18.3
270,14,18.4
270,14,18.5
270,14,18.6
270,14,18.7
270,14,18.8
270,14,18.9
270,14,19.0
270,14,19.1
271,12,18.0
271,12,18.1
271,12,18.2
271,12,18.3
271,12,18.4
271,12,18.5
271,12,18.6
271,12,18.7
271,12,18.8
271,12,18.9
271,12,19.0
271,12,19.1
271,13,18.0
271,13,18.1
271,13,18.2
271,13,18.3
271,13,18.4
271,13,18.5
271,13,18.6
271,13,18.7
271,13,18.8
271,13,18.9
271,13,19.0
271,13,19.1
271,14,18.0
271,14,18.1
271,14,18.2
271,14,18.3
271,14,18.4
271,14,18.5
271,14,18.6
271,14,18.7
271,14,18.8
271,14,18.9
271,14,19.0
271,14,19.1
272,12,18.0
272,12,18.1
272,12,18.2
272,12,18.3
272,12,18.4
272,12,18.5
272,12,18.6
272,12,18.7
272,12,18.8
272,12,18.9
272,12,19.0
272,12,19.1
272,13,18.0
272,13,18.1
272,13,18.2
272,13,18.3
272,13,18.4
272,13,18.5
272,13,18.6
272,13,18.7
272,13,18.8
272,13,18.9
272,13,19.0
272,13,19.1
272,14,18.0
272,14,18.1
272,14,18.2
272,14,18.3
272,14,18.4
272,14,18.5
272,14,18.6
272,14,18.7
272,14,18.8
272,14,18.9
272,14,19.0
272,14,19.1
273,12,18.0
273,12,18.1
273,12,18.2
273,12,18.3
273,12,18.4
273,12,18.5
273,12,18.6
273,12,18.7
273,12,18.8
273,12,18.9
273,12,19.0
273,12,19.1
273,13,18.0
273,13,18.1
273,13,18.2
273,13,18.3
273,13,18.4
273,13,18.5
273,13,18.6
273,13,18.7
273,13,18.8
273,13,18.9
273,13,19.0
273,13,19.1
273,14,18.0
273,14,18.1
273,14,18.2
273,14,18.3
273,14,18.4
273,14,18.5
273,14,18.6
273,14,18.7
273,14,18.8
273,14,18.9
273,14,19.0
273,14,19.1
274,12,18.0
274,12,18.1
274,12,18.2
274,12,18.3
274,12,18.4
274,12,18.5
274,12,18.6
274,12,18.7
274,12,18.8
274,12,18.9
274,12,19.0
274,12,19.1
274,13,18.0
274,13,18.1
274,13,18.2
274,13,18.3
274,13,18.4
274,13,18.5
274,13,18.6
274,13,18.7
274,13,18.8
274,13,18.9
274,13,19.0
274,13,19.1
274,14,18.0
274,14,18.1
274,14,18.2
274,14,18.3
274,14,18.4
274,14,18.5
274,14,18.6
274,14,18.7
274,14,18.8
274,14,18.9
274,14,19.0
274,14,19.1
275,12,18.0
275,12,18.1
275,12,18.2
275,12,18.3
275,12,18.4
275,12,18.5
275,12,18.6
275,12,18.7
275,12,18.8
275,12,18.9
275,12,19.0
275,12,19.1
275,13,18.0
275,13,18.1
275,13,18.2
275,13,18.3
275,13,18.4
275,13,18.5
275,13,18.6
275,13,18.7
275,13,18.8
275,13,18.9
275,13,19.0
275,13,19.1
275,14,18.0
275,14,18.1
275,14,18.2
275,14,18.3
275,14,18.4
275,14,18.5
275,14,18.6
275,14,18.7
275,14,18.8
275,14,18.9
275,14,19.0
275,14,19.1
276,12,18.0
276,12,18.1
276,12,18.2
276,12,18.3
276,12,18.4
276,12,18.5
276,12,18.6
276,12,18.7
276,12,18.8
276,12,18.9
276,12,19.0
276,12,19.1
276,13,18.0
276,13,18.1
276,13,18.2
276,13,18.3
276,13,18.4
276,13,18.5
276,13,18.6
276,13,18.7
276,13,18.8
276,13,18.9
276,13,19.0
276,13,19.1
276,14,18.0
276,14,18.1
276,14,18.2
276,14,18.3
276,14,18.4
276,14,18.5
276,14,18.6
276,14,18.7
276,14,18.8
276,14,18.9
276,14,19.0
276,14,19.1
277,12,18.0
277,12,18.1
277,12,18.2
277,12,18.3
277,12,18.4
277,12,18.5
277,12,18.6
277,12,18.7
277,12,18.8
277,12,18.9
277,12,19.0
277,12,19.1
277,13,18.0
277,13,18.1
277,13,18.2
277,13,18.3
277,13,18.4
277,13,18.5
277,13,18.6
277,13,18.7
277,13,18.8
277,13,18.9
277,13,19.0
277,13,19.1
277,14,18.0
277,14,18.1
277,14,18.2
277,14,18.3
277,14,18.4
277,14,18.5
277,14,18.6
277,14,18.7
277,14,18.8
277,14,18.9
277,14,19.0
277,14,19.1
278,12,18.0
278,12,18.1
278,12,18.2
278,12,18.3
278,12,18.4
278,12,18.5
278,12,18.6
278,12,18.7
278,12,18.8
278,12,18.9
278,12,19.0
278,12,19.1
278,13,18.0
278,13,18.1
278,13,18.2
278,13,18.3
278,13,18.4
278,13,18.5
278,13,18.6
278,13,18.7
278,13,18.8
278,13,18.9
278,13,19.0
278,13,19.1
278,14,18.0
278,14,18.1
278,14,18.2
278,14,18.3
278,14,18.4
278,14,18.5
278,14,18.6
278,14,18.7
278,14,18.8
278,14,18.9
278,14,19.0
278,14,19.1
279,12,18.0
279,12,18.1
279,12,18.2
279,12,18.3
279,12,18.4
279,12,18.5
279,12,18.6
279,12,18.7
279,12,18.8
279,12,18.9
279,12,19.0
279,12,19.1
279,13,18.0
279,13,18.1
279,13,18.2
279,13,18.3
279,13,18.4
279,13,18.5
279,13,18.6
279,13,18.7
279,13,18.8
279,13,18.9
279,13,19.0
279,13,19.1
279,14,18.0
279,14,18.1
279,14,18.2
279,14,18.3
279,14,18.4
279,14,18.5
279,14,18.6
279,14,18.7
279,14,18.8
279,14,18.9
279,14,19.0
279,14,19.1
280,12,18.0
280,12,18.1
280,12,18.2
280,12,18.3
280,12,18.4
280,12,18.5
280,12,18.6
280,12,18.7
280,12,18.8
280,12,18.9
280,12,19.0
280,12,19.1
280,13,18.0
280,13,18.1
280,13,18.2
280,13,18.3
280,13,18.4
280,13,18.5
280,13,18.6
280,13,18.7
280,13,18.8
280,13,18.9
280,13,19.0
280,13,19.1
280,14,18.0
280,14,18.1
280,14,18.2
280,14,18.3
280,14,18.4
280,14,18.5
280,14,18.6
280,14,18.7
280,14,18.8
280,14,18.9
280,14,19.0
280,14,19.1
281,12,18.0
281,12,18.1
281,12,18.2
281,12,18.3
281,12,18.4
281,12,18.5
281,12,18.6
281,12,18.7
281,12,18.8
281,12,18.9
281,12,19.0
281,12,19.1
281,13,18.0
281,13,18.1
281,13,18.2
281,13,18.3
281,13,18.4
281,13,18.5
281,13,18.6
281,13,18.7
281,13,18.8
281,13,18.9
281,13,19.0
281,13,19.1
281,14,18.0
281,14,18.1
281,14,18.2
281,14,18.3
281,14,18.4
281,14,18.5
281,14,18.6
281,14,18.7
281,14,18.8
281,14,18.9
281,14,19.0
281,14,19.1
282,12,18.0
282,12,18.1
282,12,18.2
282,12,18.3
282,12,18.4
282,12,18.5
282,12,18.6
282,12,18.7
282,12,18.8
282,12,18.9
282,12,19.0
282,12,19.1
282,13,18.0
282,13,18.1
282,13,18.2
282,13,18.3
282,13,18.4
282,13,18.5
282,13,18.6
282,13,18.7
282,13,18.8
282,13,18.9
282,13,19.0
282,13,19.1
282,14,18.0
282,14,18.1
282,14,18.2
282,14,18.3
282,14,18.4
282,14,18.5
282,14,18.6
282,14,18.7
282,14,18.8
282,14,18.9
282,14,19.0
282,14,19.1
283,12,18.0
283,12,18.1
283,12,18.2
283,12,18.3
283,12,18.4
283,12,18.5
283,12,18.6
283,12,18.7
283,12,18.8
283,12,18.9
283,12,19.0
283,12,19.1
283,13,18.0
283,13,18.1
283,13,18.2
283,13,18.3
283,13,18.4
283,13,18.5
283,13,18.6
283,13,18.7
283,13,18.8
283,13,18.9
283,13,19.0
283,13,19.1
283,14,18.0
283,14,18.1
283,14,18.2
283,14,18.3
283,14,18.4
283,14,18.5
283,14,18.6
283,14,18.7
283,14,18.8
283,14,18.9
283,14,19.0
283,14,19.1
284,12,18.0
284,12,18.1
284,12,18.2
284,12,18.3
284,12,18.4
284,12,18.5
284,12,18.6
284,12,18.7
284,12,18.8
284,12,18.9
284,12,19.0
284,12,19.1
284,13,18.0
284,13,18.1
284,13,18.2
284,13,18.3
284,13,18.4
284,13,18.5
284,13,18.6
284,13,18.7
284,13,18.8
284,13,18.9
284,13,19.0
284,13,19.1
284,14,18.0
284,14,18.1
284,14,18.2
284,14,18.3
284,14,18.4
284,14,18.5
284,14,18.6
284,14,18.7
284,14,18.8
284,14,18.9
284,14,19.0
284,14,19.1
285,12,18.0
285,12,18.1
285,12,18.2
285,12,18.3
285,12,18.4
285,12,18.5
285,12,18.6
285,12,18.7
285,12,18.8
285,12,18.9
285,12,19.0
285,12,19.1
285,13,18.0
285,13,18.1
285,13,18.2
285,13,18.3
285,13,18.4
285,13,18.5
285,13,18.6
285,13,18.7
285,13,18.8
285,13,18.9
285,13,19.0
285,13,19.1
285,14,18.0
285,14,18.1
285,14,18.2
285,14,18.3
285,14,18.4
285,14,18.5
285,14,18.6
285,14,18.7
285,14,18.8
285,14,18.9
285,14,19.0
285,14,19.1
286,12,18.0
286,12,18.1
286,12,18.2
286,12,18.3
286,12,18.4
286,12,18.5
286,12,18.6
286,12,18.7
286,12,18.8
286,12,18.9
286,12,19.0
286,12,19.1
286,13,18.0
286,13,18.1
286,13,18.2
286,13,18.3
286,13,18.4
286,13,18.5
286,13,18.6
286,13,18.7
286,13,18.8
286,13,18.9
286,13,19.0
286,13,19.1
286,14,18.0
286,14,18.1
286,14,18.2
286,14,18.3
286,14,18.4
286,14,18.5
286,14,18.6
286,14,18.7
286,14,18.8
286,14,18.9
286,14,19.0
286,14,19.1
287,12,18.0
287,12,18.1
287,12,18.2
287,12,18.3
287,12,18.4
287,12,18.5
287,12,18.6
287,12,18.7
287,12,18.8
287,12,18.9
287,12,19.0
287,12,19.1
287,13,18.0
287,13,18.1
287,13,18.2
287,13,18.3
287,13,18.4
287,13,18.5
287,13,18.6
287,13,18.7
287,13,18.8
287,13,18.9
287,13,19.0
287,13,19.1
287,14,18.0
287,14,18.1
287,14,18.2
287,14,18.3
287,14,18.4
287,14,18.5
287,14,18.6
287,14,18.7
287,14,18.8
287,14,18.9
287,14,19.0
287,14,19.1
288,12,18.0
288,12,18.1
288,12,18.2
288,12,18.3
288,12,18.4
288,12,18.5
288,12,18.6
288,12,18.7
288,12,18.8
288,12,18.9
288,12,19.0
288,12,19.1
288,13,18.0
288,13,18.1
288,13,18.2
288,13,18.3
288,13,18.4
288,13,18.5
288,13,18.6
288,13,18.7
288,13,18.8
288,13,18.9
288,13,19.0
288,13,19.1
288,14,18.0
288,14,18.1
288,14,18.2
288,14,18.3
288,14,18.4
288,14,18.5
288,14,18.6
288,14,18.7
288,14,18.8
288,14,18.9
288,14,19.0
288,14,19.1
289,12,18.0
289,12,18.1
289,12,18.2
289,12,18.3
289,12,18.4
289,12,18.5
289,12,18.6
289,12,18.7
289,12,18.8
289,12,18.9
289,12,19.0
289,12,19.1
289,13,18.0
289,13,18.1
289,13,18.2
289,13,18.3
289,13,18.4
289,13,18.5
289,13,18.6
289,13,18.7
289,13,18.8
289,13,18.9
289,13,19.0
289,13,19.1
289,14,18.0
289,14,18.1
289,14,18.2
289,14,18.3
289,14,18.4
289,14,18.5
289,14,18.6
289,14,18.7
289,14,18.8
289,14,18.9
289,14,19.0
289,14,19.1
290,12,18.0
290,12,18.1
290,12,18.2
290,12,18.3
290,12,18.4
290,12,18.5
290,12,18.6
290,12,18.7
290,12,18.8
290,12,18.9
290,12,19.0
290,12,19.1
290,13,18.0
290,13,18.1
290,13,18.2
290,13,18.3
290,13,18.4
290,13,18.5
290,13,18.6
290,13,18.7
290,13,18.8
290,13,18.9
290,13,19.0
290,13,19.1
290,14,18.0
290,14,18.1
290,14,18.2
290,14,18.3
290,14,18.4
290,14,18.5
290,14,18.6
290,14,18.7
290,14,18.8
290,14,18.9
290,14,19.0
290,14,19.1
291,12,18.0
291,12,18.1
291,12,18.2
291,12,18.3
291,12,18.4
291,12,18.5
291,12,18.6
291,12,18.7
291,12,18.8
291,12,18.9
291,12,19.0
291,12,19.1
291,13,18.0
291,13,18.1
291,13,18.2
291,13,18.3
291,13,18.4
291,13,18.5
291,13,18.6
291,13,18.7
291,13,18.8
291,13,18.9
291,13,19.0
291,13,19.1
291,14,18.0
291,14,18.1
291,14,18.2
291,14,18.3
291,14,18.4
291,14,18.5
291,14,18.6
291,14,18.7
291,14,18.8
291,14,18.9
291,14,19.0
291,14,19.1
292,12,18.0
292,12,18.1
292,12,18.2
292,12,18.3
292,12,18.4
292,12,18.5
292,12,18.6
292,12,18.7
292,12,18.8
292,12,18.9
292,12,19.0
292,12,19.1
292,13,18.0
292,13,18.1
292,13,18.2
292,13,18.3
292,13,18.4
292,13,18.5
292,13,18.6
292,13,18.7
292,13,18.8
292,13,18.9
292,13,19.0
292,13,19.1
292,14,18.0
292,14,18.1
292,14,18.2
292,14,18.3
292,14,18.4
292,14,18.5
292,14,18.6
292,14,18.7
292,14,18.8
292,14,18.9
292,14,19.0
292,14,19.1
293,12,18.0
293,12,18.1
293,12,18.2
293,12,18.3
293,12,18.4
293,12,18.5
293,12,18.6
293,12,18.7
293,12,18.8
293,12,18.9
293,12,19.0
293,12,19.1
293,13,18.0
293,13,18.1
293,13,18.2
293,13,18.3
293,13,18.4
293,13,18.5
293,13,18.6
293,13,18.7
293,13,18.8
293,13,18.9
293,13,19.0
293,13,19.1
293,14,18.0
293,14,18.1
293,14,18.2
293,14,18.3
293,14,18.4
293,14,18.5
293,14,18.6
293,14,18.7
293,14,18.8
293,14,18.9
293,14,19.0
293,14,19.1
294,12,18.0
294,12,18.1
294,12,18.2
294,12,18.3
294,12,18.4
294,12,18.5
294,12,18.6
294,12,18.7
294,12,18.8
294,12,18.9
294,12,19.0
294,12,19.1
294,13,18.0
294,13,18.1
294,13,18.2
294,13,18.3
294,13,18.4
294,13,18.5
294,13,18.6
294,13,18.7
294,13,18.8
294,13,18.9
294,13,19.0
294,13,19.1
294,14,18.0
294,14,18.1
294,14,18.2
294,14,18.3
294,14,18.4
294,14,18.5
294,14,18.6
294,14,18.7
294,14,18.8
294,14,18.9
294,14,19.0
294,14,19.1
295,12,18.0
295,12,18.1
295,12,18.2
295,12,18.3
295,12,18.4
295,12,18.5
295,12,18.6
295,12,18.7
295,12,18.8
295,12,18.9
295,12,19.0
295,12,19.1
295,13,18.0
295,13,18.1
295,13,18.2
295,13,18.3
295,13,18.4
295,13,18.5
295,13,18.6
295,13,18.7
295,13,18.8
295,13,18.9
295,13,19.0
295,13,19.1
295,14,18.0
295,14,18.1
295,14,18.2
295,14,18.3
295,14,18.4
295,14,18.5
295,14,18.6
295,14,18.7
295,14,18.8
295,14,18.9
295,14,19.0
295,14,19.1
296,12,18.0
296,12,18.1
296,12,18.2
296,12,18.3
296,12,18.4
296,12,18.5
296,12,18.6
296,12,18.7
296,12,18.8
296,12,18.9
296,12,19.0
296,12,19.1
296,13,18.0
296,13,18.1
296,13,18.2
296,13,18.3
296,13,18.4
296,13,18.5
296,13,18.6
296,13,18.7
296,13,18.8
296,13,18.9
296,13,19.0
296,13,19.1
296,14,18.0
296,14,18.1
296,14,18.2
296,14,18.3
296,14,18.4
296,14,18.5
296,14,18.6
296,14,18.7
296,14,18.8
296,14,18.9
296,14,19.0
296,14,19.1
297,12,18.0
297,12,18.1
297,12,18.2
297,12,18.3
297,12,18.4
297,12,18.5
297,12,18.6
297,12,18.7
297,12,18.8
297,12,18.9
297,12,19.0
297,12,19.1
297,13,18.0
297,13,18.1
297,13,18.2
297,13,18.3
297,13,18.4
297,13,18.5
297,13,18.6
297,13,18.7
297,13,18.8
297,13,18.9
297,13,19.0
297,13,19.1
297,14,18.0
297,14,18.1
297,14,18.2
297,14,18.3
297,14,18.4
297,14,18.5
297,14,18.6
297,14,18.7
297,14,18.8
297,14,18.9
297,14,19.0
297,14,19.1
298,12,18.0
298,12,18.1
298,12,18.2
298,12,18.3
298,12,18.4
298,12,18.5
298,12,18.6
298,12,18.7
298,12,18.8
298,12,18.9
298,12,19.0
298,12,19.1
298,13,18.0
298,13,18.1
298,13,18.2
298,13,18.3
298,13,18.4
298,13,18.5
298,13,18.6
298,13,18.7
298,13,18.8
298,13,18.9
298,13,19.0
298,13,19.1
298,14,18.0
298,14,18.1
298,14,18.2
298,14,18.3
298,14,18.4
298,14,18.5
298,14,18.6
298,14,18.7
298,14,18.8
298,14,18.9
298,14,19.0
298,14,19.1
299,12,18.0
299,12,18.1
299,12,18.2
299,12,18.3
299,12,18.4
299,12,18.5
299,12,18.6
299,12,18.7
299,12,18.8
299,12,18.9
299,12,19.0
299,12,19.1
299,13,18.0
299,13,18.1
299,13,18.2
299,13,18.3
299,13,18.4
299,13,18.5
299,13,18.6
299,13,18.7
299,13,18.8
299,13,18.9
299,13,19.0
299,13,19.1
299,14,18.0
299,14,18.1
299,14,18.2
299,14,18.3
299,14,18.4
299,14,18.5
299,14,18.6
299,14,18.7
299,14,18.8
299,14,18.9
299,14,19.0
299,14,19.1
300,12,18.0
300,12,18.1
300,12,18.2
300,12,18.3
300,12,18.4
300,12,18.5
300,12,18.6
300,12,18.7
300,12,18.8
300,12,18.9
300,12,19.0
300,12,19.1
300,13,18.0
300,13,18.1
300,13,18.2
300,13,18.3
300,13,18.4
300,13,18.5
300,13,18.6
300,13,18.7
300,13,18.8
300,13,18.9
300,13,19.0
300,13,19.1
300,14,18.0
300,14,18.1
300,14,18.2
300,14,18.3
300,14,18.4
300,14,18.5
300,14,18.6
300,14,18.7
300,14,18.8
300,14,18.9
300,14,19.0
300,14,19.1
